id,url,statut,type,cluster,parent_hub,requete_principale,pays,ville,priorite
"1","/services/audit-diagnostic-digital","publié","service","services","/services","Audit et diagnostic digital","","","1"
"2","/services/refonte-processus","publié","service","services","/services","Refonte des processus métier","","","1"
"3","/services/automatisation-integrations","publié","service","services","/services","Automatisation et intégrations","","","1"
"4","/services/ia-entreprise","publié","service","services","/services","Intelligence artificielle en entreprise","","","1"
"5","/services/developpement-outils-metier","publié","service","services","/services","Développement d'outils métier","","","1"
"6","/services/pilotage-deploiement","publié","service","services","/services","Pilotage et déploiement","","","1"
"7","/methode","publié","hub méthodologie","methode","/about","méthode de transformation digitale Audyxa","","","2"
"8","/methode/fondements-et-maturite-numerique","publié","pilier méthodologie","methode","/methode","Fondements et maturité numérique","","","2"
"9","/methode/mission-de-l-expert-du-premier-rendez-vous-au-suivi","publié","pilier méthodologie","methode","/methode","Mission de l'expert : du premier rendez-vous au suivi","","","2"
"10","/methode/processus-bpmn-lean-et-refonte","publié","pilier méthodologie","methode","/methode","Processus, BPMN, Lean et refonte","","","2"
"11","/methode/architecture-du-systeme-d-information","publié","pilier méthodologie","methode","/methode","Architecture du système d'information","","","2"
"12","/methode/strategie-data-bi-et-gouvernance","publié","pilier méthodologie","methode","/methode","Stratégie data, BI et gouvernance","","","2"
"13","/methode/cloud-infrastructure-devops-et-couts","publié","pilier méthodologie","methode","/methode","Cloud, infrastructure, DevOps et coûts","","","2"
"14","/methode/automatisation-api-rpa-et-low-code","publié","pilier méthodologie","methode","/methode","Automatisation, API, RPA et low-code","","","2"
"15","/methode/intelligence-artificielle-rag-agents-et-mcp","publié","pilier méthodologie","methode","/methode","Intelligence artificielle, RAG, agents et MCP","","","2"
"16","/methode/cybersecurite-confidentialite-et-resilience","publié","pilier méthodologie","methode","/methode","Cybersécurité, confidentialité et résilience","","","2"
"17","/methode/ux-produit-et-experience-client-numerique","publié","pilier méthodologie","methode","/methode","UX, produit et expérience client numérique","","","2"
"18","/methode/marketing-digital-et-mesure","publié","pilier méthodologie","methode","/methode","Marketing digital et mesure","","","2"
"19","/methode/crm-vente-et-service-client-omnicanal","publié","pilier méthodologie","methode","/methode","CRM, vente et service client omnicanal","","","2"
"20","/methode/operations-erp-supply-chain-et-iot","publié","pilier méthodologie","methode","/methode","Opérations, ERP, supply chain et IoT","","","2"
"21","/methode/modeles-d-affaires-numeriques-et-economie-unitaire","publié","pilier méthodologie","methode","/methode","Modèles d'affaires numériques et économie unitaire","","","2"
"22","/methode/conduite-du-changement-gouvernance-et-delivery","publié","pilier méthodologie","methode","/methode","Conduite du changement, gouvernance et delivery","","","2"
"23","/methode/roi-kpi-portefeuille-et-feuille-de-route","publié","pilier méthodologie","methode","/methode","ROI, KPI, portefeuille et feuille de route","","","2"
"24","/methode/mission-complete-de-digitalisation","publié","pilier méthodologie","methode","/methode","Mission complète de digitalisation","","","2"
"25","/comparatifs/consultant-vs-agence-generaliste","publié","page de décision","comparatifs","/services","Consultant spécialisé vs agence généraliste","","","3"
"26","/comparatifs/conseil-plus-execution-vs-cabinet-conseil","publié","page de décision","comparatifs","/services","Conseil + exécution vs cabinet de conseil classique","","","3"
"27","/comparatifs/alternative-cabinet-conseil-international","publié","page de décision","comparatifs","/services","Alternative à un grand cabinet de conseil international","","","3"
"28","/comparatifs/freelance-vs-cabinet-transformation-digitale","publié","page de décision","comparatifs","/services","Freelance vs cabinet pour la transformation digitale","","","3"
"29","/comparatifs/comment-choisir-consultant-transformation-digitale","publié","page de décision","comparatifs","/services","Comment choisir un consultant en transformation digitale","","","3"
"30","/comparatifs/audit-digital-vs-audit-informatique","publié","page de décision","comparatifs","/services","Audit digital vs audit informatique classique","","","3"
"31","/comparatifs/automatisation-vs-ia-que-choisir","publié","page de décision","comparatifs","/services","Automatisation vs IA : que choisir en premier","","","3"
"32","/comparatifs/agence-locale-vs-prestataire-a-distance","publié","page de décision","comparatifs","/services","Agence locale vs prestataire à distance pour la transformation digitale","","","3"
"33","/comparatifs/meilleur-consultant-transformation-digitale-2026","publié","page de décision","comparatifs","/services","Meilleur consultant en transformation digitale en 2026","","","3"
"34","/comparatifs/quand-faire-appel-a-un-consultant-digital","publié","page de décision","comparatifs","/services","Quand faire appel à un consultant en digitalisation","","","3"
"35","/secteurs/banque-et-finance","publié","page secteur","secteurs","/services","Transformation digitale pour banque et finance","","","3"
"36","/secteurs/retail-et-distribution","publié","page secteur","secteurs","/services","Transformation digitale pour retail et distribution","","","3"
"37","/secteurs/sante","publié","page secteur","secteurs","/services","Transformation digitale pour santé","","","3"
"38","/secteurs/agroalimentaire","publié","page secteur","secteurs","/services","Transformation digitale pour agroalimentaire","","","3"
"39","/secteurs/telecoms","publié","page secteur","secteurs","/services","Transformation digitale pour télécoms","","","3"
"40","/secteurs/education-et-formation","publié","page secteur","secteurs","/services","Transformation digitale pour éducation et formation","","","3"
"41","/secteurs/assurance","publié","page secteur","secteurs","/services","Transformation digitale pour assurance","","","3"
"42","/secteurs/transport-et-logistique","publié","page secteur","secteurs","/services","Transformation digitale pour transport et logistique","","","3"
"43","/secteurs/immobilier","publié","page secteur","secteurs","/services","Transformation digitale pour immobilier","","","3"
"44","/secteurs/industrie-et-manufacturing","publié","page secteur","secteurs","/services","Transformation digitale pour industrie et manufacturing","","","3"
"45","/secteurs/secteur-public","publié","page secteur","secteurs","/services","Transformation digitale pour secteur public","","","3"
"46","/secteurs/ong-et-associations","publié","page secteur","secteurs","/services","Transformation digitale pour ong et associations","","","3"
"47","/secteurs/hotellerie-et-tourisme","publié","page secteur","secteurs","/services","Transformation digitale pour hôtellerie et tourisme","","","3"
"48","/secteurs/btp-et-construction","publié","page secteur","secteurs","/services","Transformation digitale pour btp et construction","","","3"
"49","/secteurs/energie","publié","page secteur","secteurs","/services","Transformation digitale pour énergie","","","3"
"50","/pays/benin","publié","hub pays","geo","/services","Transformation digitale Bénin","Bénin","","4"
"51","/services/audit-diagnostic-digital/benin/cotonou","publié","service x ville phare","geo","/pays/benin","Audit et diagnostic digital à Cotonou","Bénin","Cotonou","4"
"52","/services/refonte-processus/benin/cotonou","publié","service x ville phare","geo","/pays/benin","Refonte des processus métier à Cotonou","Bénin","Cotonou","4"
"53","/services/automatisation-integrations/benin/cotonou","publié","service x ville phare","geo","/pays/benin","Automatisation et intégrations à Cotonou","Bénin","Cotonou","4"
"54","/services/ia-entreprise/benin/cotonou","publié","service x ville phare","geo","/pays/benin","Intelligence artificielle en entreprise à Cotonou","Bénin","Cotonou","4"
"55","/services/developpement-outils-metier/benin/cotonou","publié","service x ville phare","geo","/pays/benin","Développement d'outils métier à Cotonou","Bénin","Cotonou","4"
"56","/services/pilotage-deploiement/benin/cotonou","publié","service x ville phare","geo","/pays/benin","Pilotage et déploiement à Cotonou","Bénin","Cotonou","4"
"57","/pays/benin/porto-novo","publié","hub ville secondaire","geo","/pays/benin","Transformation digitale à Porto-Novo","Bénin","Porto-Novo","5"
"58","/pays/benin/parakou","publié","hub ville secondaire","geo","/pays/benin","Transformation digitale à Parakou","Bénin","Parakou","5"
"59","/pays/benin/abomey-calavi","publié","hub ville secondaire","geo","/pays/benin","Transformation digitale à Abomey-Calavi","Bénin","Abomey-Calavi","5"
"60","/pays/benin/djougou","publié","hub ville secondaire","geo","/pays/benin","Transformation digitale à Djougou","Bénin","Djougou","5"
"61","/pays/benin/bohicon","publié","hub ville secondaire","geo","/pays/benin","Transformation digitale à Bohicon","Bénin","Bohicon","5"
"62","/pays/benin/kandi","publié","hub ville secondaire","geo","/pays/benin","Transformation digitale à Kandi","Bénin","Kandi","5"
"63","/pays/benin/lokossa","publié","hub ville secondaire","geo","/pays/benin","Transformation digitale à Lokossa","Bénin","Lokossa","5"
"64","/pays/benin/ouidah","publié","hub ville secondaire","geo","/pays/benin","Transformation digitale à Ouidah","Bénin","Ouidah","5"
"65","/pays/benin/abomey","publié","hub ville secondaire","geo","/pays/benin","Transformation digitale à Abomey","Bénin","Abomey","5"
"66","/pays/cote-divoire","publié","hub pays","geo","/services","Transformation digitale Côte d'Ivoire","Côte d'Ivoire","","4"
"67","/services/audit-diagnostic-digital/cote-divoire/abidjan","publié","service x ville phare","geo","/pays/cote-divoire","Audit et diagnostic digital à Abidjan","Côte d'Ivoire","Abidjan","4"
"68","/services/refonte-processus/cote-divoire/abidjan","publié","service x ville phare","geo","/pays/cote-divoire","Refonte des processus métier à Abidjan","Côte d'Ivoire","Abidjan","4"
"69","/services/automatisation-integrations/cote-divoire/abidjan","publié","service x ville phare","geo","/pays/cote-divoire","Automatisation et intégrations à Abidjan","Côte d'Ivoire","Abidjan","4"
"70","/services/ia-entreprise/cote-divoire/abidjan","publié","service x ville phare","geo","/pays/cote-divoire","Intelligence artificielle en entreprise à Abidjan","Côte d'Ivoire","Abidjan","4"
"71","/services/developpement-outils-metier/cote-divoire/abidjan","publié","service x ville phare","geo","/pays/cote-divoire","Développement d'outils métier à Abidjan","Côte d'Ivoire","Abidjan","4"
"72","/services/pilotage-deploiement/cote-divoire/abidjan","publié","service x ville phare","geo","/pays/cote-divoire","Pilotage et déploiement à Abidjan","Côte d'Ivoire","Abidjan","4"
"73","/pays/cote-divoire/bouake","publié","hub ville secondaire","geo","/pays/cote-divoire","Transformation digitale à Bouaké","Côte d'Ivoire","Bouaké","5"
"74","/pays/cote-divoire/daloa","publié","hub ville secondaire","geo","/pays/cote-divoire","Transformation digitale à Daloa","Côte d'Ivoire","Daloa","5"
"75","/pays/cote-divoire/yamoussoukro","publié","hub ville secondaire","geo","/pays/cote-divoire","Transformation digitale à Yamoussoukro","Côte d'Ivoire","Yamoussoukro","5"
"76","/pays/cote-divoire/korhogo","publié","hub ville secondaire","geo","/pays/cote-divoire","Transformation digitale à Korhogo","Côte d'Ivoire","Korhogo","5"
"77","/pays/cote-divoire/san-pedro","publié","hub ville secondaire","geo","/pays/cote-divoire","Transformation digitale à San-Pédro","Côte d'Ivoire","San-Pédro","5"
"78","/pays/cote-divoire/man","publié","hub ville secondaire","geo","/pays/cote-divoire","Transformation digitale à Man","Côte d'Ivoire","Man","5"
"79","/pays/cote-divoire/divo","publié","hub ville secondaire","geo","/pays/cote-divoire","Transformation digitale à Divo","Côte d'Ivoire","Divo","5"
"80","/pays/cote-divoire/gagnoa","publié","hub ville secondaire","geo","/pays/cote-divoire","Transformation digitale à Gagnoa","Côte d'Ivoire","Gagnoa","5"
"81","/pays/cote-divoire/abengourou","publié","hub ville secondaire","geo","/pays/cote-divoire","Transformation digitale à Abengourou","Côte d'Ivoire","Abengourou","5"
"82","/pays/senegal","publié","hub pays","geo","/services","Transformation digitale Sénégal","Sénégal","","4"
"83","/services/audit-diagnostic-digital/senegal/dakar","publié","service x ville phare","geo","/pays/senegal","Audit et diagnostic digital à Dakar","Sénégal","Dakar","4"
"84","/services/refonte-processus/senegal/dakar","publié","service x ville phare","geo","/pays/senegal","Refonte des processus métier à Dakar","Sénégal","Dakar","4"
"85","/services/automatisation-integrations/senegal/dakar","publié","service x ville phare","geo","/pays/senegal","Automatisation et intégrations à Dakar","Sénégal","Dakar","4"
"86","/services/ia-entreprise/senegal/dakar","publié","service x ville phare","geo","/pays/senegal","Intelligence artificielle en entreprise à Dakar","Sénégal","Dakar","4"
"87","/services/developpement-outils-metier/senegal/dakar","publié","service x ville phare","geo","/pays/senegal","Développement d'outils métier à Dakar","Sénégal","Dakar","4"
"88","/services/pilotage-deploiement/senegal/dakar","publié","service x ville phare","geo","/pays/senegal","Pilotage et déploiement à Dakar","Sénégal","Dakar","4"
"89","/pays/senegal/touba","publié","hub ville secondaire","geo","/pays/senegal","Transformation digitale à Touba","Sénégal","Touba","5"
"90","/pays/senegal/thies","publié","hub ville secondaire","geo","/pays/senegal","Transformation digitale à Thiès","Sénégal","Thiès","5"
"91","/pays/senegal/kaolack","publié","hub ville secondaire","geo","/pays/senegal","Transformation digitale à Kaolack","Sénégal","Kaolack","5"
"92","/pays/senegal/m-bour","publié","hub ville secondaire","geo","/pays/senegal","Transformation digitale à M'bour","Sénégal","M'bour","5"
"93","/pays/senegal/saint-louis","publié","hub ville secondaire","geo","/pays/senegal","Transformation digitale à Saint-Louis","Sénégal","Saint-Louis","5"
"94","/pays/senegal/rufisque","publié","hub ville secondaire","geo","/pays/senegal","Transformation digitale à Rufisque","Sénégal","Rufisque","5"
"95","/pays/senegal/ziguinchor","publié","hub ville secondaire","geo","/pays/senegal","Transformation digitale à Ziguinchor","Sénégal","Ziguinchor","5"
"96","/pays/senegal/diourbel","publié","hub ville secondaire","geo","/pays/senegal","Transformation digitale à Diourbel","Sénégal","Diourbel","5"
"97","/pays/senegal/louga","publié","hub ville secondaire","geo","/pays/senegal","Transformation digitale à Louga","Sénégal","Louga","5"
"98","/pays/togo","publié","hub pays","geo","/services","Transformation digitale Togo","Togo","","4"
"99","/services/audit-diagnostic-digital/togo/lome","publié","service x ville phare","geo","/pays/togo","Audit et diagnostic digital à Lomé","Togo","Lomé","4"
"100","/services/refonte-processus/togo/lome","publié","service x ville phare","geo","/pays/togo","Refonte des processus métier à Lomé","Togo","Lomé","4"
"101","/services/automatisation-integrations/togo/lome","publié","service x ville phare","geo","/pays/togo","Automatisation et intégrations à Lomé","Togo","Lomé","4"
"102","/services/ia-entreprise/togo/lome","publié","service x ville phare","geo","/pays/togo","Intelligence artificielle en entreprise à Lomé","Togo","Lomé","4"
"103","/services/developpement-outils-metier/togo/lome","publié","service x ville phare","geo","/pays/togo","Développement d'outils métier à Lomé","Togo","Lomé","4"
"104","/services/pilotage-deploiement/togo/lome","publié","service x ville phare","geo","/pays/togo","Pilotage et déploiement à Lomé","Togo","Lomé","4"
"105","/pays/togo/sokode","publié","hub ville secondaire","geo","/pays/togo","Transformation digitale à Sokodé","Togo","Sokodé","5"
"106","/pays/togo/kara","publié","hub ville secondaire","geo","/pays/togo","Transformation digitale à Kara","Togo","Kara","5"
"107","/pays/togo/kpalime","publié","hub ville secondaire","geo","/pays/togo","Transformation digitale à Kpalimé","Togo","Kpalimé","5"
"108","/pays/togo/atakpame","publié","hub ville secondaire","geo","/pays/togo","Transformation digitale à Atakpamé","Togo","Atakpamé","5"
"109","/pays/togo/dapaong","publié","hub ville secondaire","geo","/pays/togo","Transformation digitale à Dapaong","Togo","Dapaong","5"
"110","/pays/togo/tsevie","publié","hub ville secondaire","geo","/pays/togo","Transformation digitale à Tsévié","Togo","Tsévié","5"
"111","/pays/togo/aneho","publié","hub ville secondaire","geo","/pays/togo","Transformation digitale à Aného","Togo","Aného","5"
"112","/pays/togo/bassar","publié","hub ville secondaire","geo","/pays/togo","Transformation digitale à Bassar","Togo","Bassar","5"
"113","/pays/togo/mango","publié","hub ville secondaire","geo","/pays/togo","Transformation digitale à Mango","Togo","Mango","5"
"114","/pays/burkina-faso","publié","hub pays","geo","/services","Transformation digitale Burkina Faso","Burkina Faso","","4"
"115","/services/audit-diagnostic-digital/burkina-faso/ouagadougou","publié","service x ville phare","geo","/pays/burkina-faso","Audit et diagnostic digital à Ouagadougou","Burkina Faso","Ouagadougou","4"
"116","/services/refonte-processus/burkina-faso/ouagadougou","publié","service x ville phare","geo","/pays/burkina-faso","Refonte des processus métier à Ouagadougou","Burkina Faso","Ouagadougou","4"
"117","/services/automatisation-integrations/burkina-faso/ouagadougou","publié","service x ville phare","geo","/pays/burkina-faso","Automatisation et intégrations à Ouagadougou","Burkina Faso","Ouagadougou","4"
"118","/services/ia-entreprise/burkina-faso/ouagadougou","publié","service x ville phare","geo","/pays/burkina-faso","Intelligence artificielle en entreprise à Ouagadougou","Burkina Faso","Ouagadougou","4"
"119","/services/developpement-outils-metier/burkina-faso/ouagadougou","publié","service x ville phare","geo","/pays/burkina-faso","Développement d'outils métier à Ouagadougou","Burkina Faso","Ouagadougou","4"
"120","/services/pilotage-deploiement/burkina-faso/ouagadougou","publié","service x ville phare","geo","/pays/burkina-faso","Pilotage et déploiement à Ouagadougou","Burkina Faso","Ouagadougou","4"
"121","/pays/burkina-faso/bobo-dioulasso","publié","hub ville secondaire","geo","/pays/burkina-faso","Transformation digitale à Bobo-Dioulasso","Burkina Faso","Bobo-Dioulasso","5"
"122","/pays/burkina-faso/koudougou","publié","hub ville secondaire","geo","/pays/burkina-faso","Transformation digitale à Koudougou","Burkina Faso","Koudougou","5"
"123","/pays/burkina-faso/banfora","publié","hub ville secondaire","geo","/pays/burkina-faso","Transformation digitale à Banfora","Burkina Faso","Banfora","5"
"124","/pays/burkina-faso/ouahigouya","publié","hub ville secondaire","geo","/pays/burkina-faso","Transformation digitale à Ouahigouya","Burkina Faso","Ouahigouya","5"
"125","/pays/burkina-faso/kaya","publié","hub ville secondaire","geo","/pays/burkina-faso","Transformation digitale à Kaya","Burkina Faso","Kaya","5"
"126","/pays/burkina-faso/tenkodogo","publié","hub ville secondaire","geo","/pays/burkina-faso","Transformation digitale à Tenkodogo","Burkina Faso","Tenkodogo","5"
"127","/pays/burkina-faso/fada-n-gourma","publié","hub ville secondaire","geo","/pays/burkina-faso","Transformation digitale à Fada N'Gourma","Burkina Faso","Fada N'Gourma","5"
"128","/pays/burkina-faso/dedougou","publié","hub ville secondaire","geo","/pays/burkina-faso","Transformation digitale à Dédougou","Burkina Faso","Dédougou","5"
"129","/pays/burkina-faso/reo","publié","hub ville secondaire","geo","/pays/burkina-faso","Transformation digitale à Réo","Burkina Faso","Réo","5"
"130","/pays/mali","publié","hub pays","geo","/services","Transformation digitale Mali","Mali","","4"
"131","/services/audit-diagnostic-digital/mali/bamako","publié","service x ville phare","geo","/pays/mali","Audit et diagnostic digital à Bamako","Mali","Bamako","4"
"132","/services/refonte-processus/mali/bamako","publié","service x ville phare","geo","/pays/mali","Refonte des processus métier à Bamako","Mali","Bamako","4"
"133","/services/automatisation-integrations/mali/bamako","publié","service x ville phare","geo","/pays/mali","Automatisation et intégrations à Bamako","Mali","Bamako","4"
"134","/services/ia-entreprise/mali/bamako","publié","service x ville phare","geo","/pays/mali","Intelligence artificielle en entreprise à Bamako","Mali","Bamako","4"
"135","/services/developpement-outils-metier/mali/bamako","publié","service x ville phare","geo","/pays/mali","Développement d'outils métier à Bamako","Mali","Bamako","4"
"136","/services/pilotage-deploiement/mali/bamako","publié","service x ville phare","geo","/pays/mali","Pilotage et déploiement à Bamako","Mali","Bamako","4"
"137","/pays/mali/sikasso","publié","hub ville secondaire","geo","/pays/mali","Transformation digitale à Sikasso","Mali","Sikasso","5"
"138","/pays/mali/segou","publié","hub ville secondaire","geo","/pays/mali","Transformation digitale à Ségou","Mali","Ségou","5"
"139","/pays/mali/mopti","publié","hub ville secondaire","geo","/pays/mali","Transformation digitale à Mopti","Mali","Mopti","5"
"140","/pays/mali/koutiala","publié","hub ville secondaire","geo","/pays/mali","Transformation digitale à Koutiala","Mali","Koutiala","5"
"141","/pays/mali/kayes","publié","hub ville secondaire","geo","/pays/mali","Transformation digitale à Kayes","Mali","Kayes","5"
"142","/pays/mali/gao","publié","hub ville secondaire","geo","/pays/mali","Transformation digitale à Gao","Mali","Gao","5"
"143","/pays/mali/kati","publié","hub ville secondaire","geo","/pays/mali","Transformation digitale à Kati","Mali","Kati","5"
"144","/pays/mali/tombouctou","publié","hub ville secondaire","geo","/pays/mali","Transformation digitale à Tombouctou","Mali","Tombouctou","5"
"145","/pays/mali/san","publié","hub ville secondaire","geo","/pays/mali","Transformation digitale à San","Mali","San","5"
"146","/pays/niger","publié","hub pays","geo","/services","Transformation digitale Niger","Niger","","4"
"147","/services/audit-diagnostic-digital/niger/niamey","publié","service x ville phare","geo","/pays/niger","Audit et diagnostic digital à Niamey","Niger","Niamey","4"
"148","/services/refonte-processus/niger/niamey","publié","service x ville phare","geo","/pays/niger","Refonte des processus métier à Niamey","Niger","Niamey","4"
"149","/services/automatisation-integrations/niger/niamey","publié","service x ville phare","geo","/pays/niger","Automatisation et intégrations à Niamey","Niger","Niamey","4"
"150","/services/ia-entreprise/niger/niamey","publié","service x ville phare","geo","/pays/niger","Intelligence artificielle en entreprise à Niamey","Niger","Niamey","4"
"151","/services/developpement-outils-metier/niger/niamey","publié","service x ville phare","geo","/pays/niger","Développement d'outils métier à Niamey","Niger","Niamey","4"
"152","/services/pilotage-deploiement/niger/niamey","publié","service x ville phare","geo","/pays/niger","Pilotage et déploiement à Niamey","Niger","Niamey","4"
"153","/pays/niger/zinder","publié","hub ville secondaire","geo","/pays/niger","Transformation digitale à Zinder","Niger","Zinder","5"
"154","/pays/niger/maradi","publié","hub ville secondaire","geo","/pays/niger","Transformation digitale à Maradi","Niger","Maradi","5"
"155","/pays/niger/agadez","publié","hub ville secondaire","geo","/pays/niger","Transformation digitale à Agadez","Niger","Agadez","5"
"156","/pays/niger/tahoua","publié","hub ville secondaire","geo","/pays/niger","Transformation digitale à Tahoua","Niger","Tahoua","5"
"157","/pays/niger/dosso","publié","hub ville secondaire","geo","/pays/niger","Transformation digitale à Dosso","Niger","Dosso","5"
"158","/pays/niger/diffa","publié","hub ville secondaire","geo","/pays/niger","Transformation digitale à Diffa","Niger","Diffa","5"
"159","/pays/niger/tillaberi","publié","hub ville secondaire","geo","/pays/niger","Transformation digitale à Tillabéri","Niger","Tillabéri","5"
"160","/pays/niger/arlit","publié","hub ville secondaire","geo","/pays/niger","Transformation digitale à Arlit","Niger","Arlit","5"
"161","/pays/niger/birni-n-konni","publié","hub ville secondaire","geo","/pays/niger","Transformation digitale à Birni N'Konni","Niger","Birni N'Konni","5"
"162","/pays/guinee","publié","hub pays","geo","/services","Transformation digitale Guinée","Guinée","","4"
"163","/services/audit-diagnostic-digital/guinee/conakry","publié","service x ville phare","geo","/pays/guinee","Audit et diagnostic digital à Conakry","Guinée","Conakry","4"
"164","/services/refonte-processus/guinee/conakry","publié","service x ville phare","geo","/pays/guinee","Refonte des processus métier à Conakry","Guinée","Conakry","4"
"165","/services/automatisation-integrations/guinee/conakry","publié","service x ville phare","geo","/pays/guinee","Automatisation et intégrations à Conakry","Guinée","Conakry","4"
"166","/services/ia-entreprise/guinee/conakry","publié","service x ville phare","geo","/pays/guinee","Intelligence artificielle en entreprise à Conakry","Guinée","Conakry","4"
"167","/services/developpement-outils-metier/guinee/conakry","publié","service x ville phare","geo","/pays/guinee","Développement d'outils métier à Conakry","Guinée","Conakry","4"
"168","/services/pilotage-deploiement/guinee/conakry","publié","service x ville phare","geo","/pays/guinee","Pilotage et déploiement à Conakry","Guinée","Conakry","4"
"169","/pays/guinee/nzerekore","publié","hub ville secondaire","geo","/pays/guinee","Transformation digitale à Nzérékoré","Guinée","Nzérékoré","5"
"170","/pays/guinee/kankan","publié","hub ville secondaire","geo","/pays/guinee","Transformation digitale à Kankan","Guinée","Kankan","5"
"171","/pays/guinee/kindia","publié","hub ville secondaire","geo","/pays/guinee","Transformation digitale à Kindia","Guinée","Kindia","5"
"172","/pays/guinee/labe","publié","hub ville secondaire","geo","/pays/guinee","Transformation digitale à Labé","Guinée","Labé","5"
"173","/pays/guinee/mamou","publié","hub ville secondaire","geo","/pays/guinee","Transformation digitale à Mamou","Guinée","Mamou","5"
"174","/pays/guinee/boke","publié","hub ville secondaire","geo","/pays/guinee","Transformation digitale à Boké","Guinée","Boké","5"
"175","/pays/guinee/faranah","publié","hub ville secondaire","geo","/pays/guinee","Transformation digitale à Faranah","Guinée","Faranah","5"
"176","/pays/guinee/kissidougou","publié","hub ville secondaire","geo","/pays/guinee","Transformation digitale à Kissidougou","Guinée","Kissidougou","5"
"177","/pays/guinee/gueckedou","publié","hub ville secondaire","geo","/pays/guinee","Transformation digitale à Guéckédou","Guinée","Guéckédou","5"
"178","/pays/cameroun","publié","hub pays","geo","/services","Transformation digitale Cameroun","Cameroun","","4"
"179","/services/audit-diagnostic-digital/cameroun/douala","publié","service x ville phare","geo","/pays/cameroun","Audit et diagnostic digital à Douala","Cameroun","Douala","4"
"180","/services/refonte-processus/cameroun/douala","publié","service x ville phare","geo","/pays/cameroun","Refonte des processus métier à Douala","Cameroun","Douala","4"
"181","/services/automatisation-integrations/cameroun/douala","publié","service x ville phare","geo","/pays/cameroun","Automatisation et intégrations à Douala","Cameroun","Douala","4"
"182","/services/ia-entreprise/cameroun/douala","publié","service x ville phare","geo","/pays/cameroun","Intelligence artificielle en entreprise à Douala","Cameroun","Douala","4"
"183","/services/developpement-outils-metier/cameroun/douala","publié","service x ville phare","geo","/pays/cameroun","Développement d'outils métier à Douala","Cameroun","Douala","4"
"184","/services/pilotage-deploiement/cameroun/douala","publié","service x ville phare","geo","/pays/cameroun","Pilotage et déploiement à Douala","Cameroun","Douala","4"
"185","/pays/cameroun/yaounde","publié","hub ville secondaire","geo","/pays/cameroun","Transformation digitale à Yaoundé","Cameroun","Yaoundé","5"
"186","/pays/cameroun/garoua","publié","hub ville secondaire","geo","/pays/cameroun","Transformation digitale à Garoua","Cameroun","Garoua","5"
"187","/pays/cameroun/maroua","publié","hub ville secondaire","geo","/pays/cameroun","Transformation digitale à Maroua","Cameroun","Maroua","5"
"188","/pays/cameroun/bafoussam","publié","hub ville secondaire","geo","/pays/cameroun","Transformation digitale à Bafoussam","Cameroun","Bafoussam","5"
"189","/pays/cameroun/ngaoundere","publié","hub ville secondaire","geo","/pays/cameroun","Transformation digitale à Ngaoundéré","Cameroun","Ngaoundéré","5"
"190","/pays/cameroun/bertoua","publié","hub ville secondaire","geo","/pays/cameroun","Transformation digitale à Bertoua","Cameroun","Bertoua","5"
"191","/pays/cameroun/edea","publié","hub ville secondaire","geo","/pays/cameroun","Transformation digitale à Édéa","Cameroun","Édéa","5"
"192","/pays/cameroun/kribi","publié","hub ville secondaire","geo","/pays/cameroun","Transformation digitale à Kribi","Cameroun","Kribi","5"
"193","/pays/cameroun/dschang","publié","hub ville secondaire","geo","/pays/cameroun","Transformation digitale à Dschang","Cameroun","Dschang","5"
"194","/pays/gabon","publié","hub pays","geo","/services","Transformation digitale Gabon","Gabon","","4"
"195","/services/audit-diagnostic-digital/gabon/libreville","publié","service x ville phare","geo","/pays/gabon","Audit et diagnostic digital à Libreville","Gabon","Libreville","4"
"196","/services/refonte-processus/gabon/libreville","publié","service x ville phare","geo","/pays/gabon","Refonte des processus métier à Libreville","Gabon","Libreville","4"
"197","/services/automatisation-integrations/gabon/libreville","publié","service x ville phare","geo","/pays/gabon","Automatisation et intégrations à Libreville","Gabon","Libreville","4"
"198","/services/ia-entreprise/gabon/libreville","publié","service x ville phare","geo","/pays/gabon","Intelligence artificielle en entreprise à Libreville","Gabon","Libreville","4"
"199","/services/developpement-outils-metier/gabon/libreville","publié","service x ville phare","geo","/pays/gabon","Développement d'outils métier à Libreville","Gabon","Libreville","4"
"200","/services/pilotage-deploiement/gabon/libreville","publié","service x ville phare","geo","/pays/gabon","Pilotage et déploiement à Libreville","Gabon","Libreville","4"
"201","/pays/gabon/port-gentil","publié","hub ville secondaire","geo","/pays/gabon","Transformation digitale à Port-Gentil","Gabon","Port-Gentil","5"
"202","/pays/gabon/franceville","publié","hub ville secondaire","geo","/pays/gabon","Transformation digitale à Franceville","Gabon","Franceville","5"
"203","/pays/gabon/oyem","publié","hub ville secondaire","geo","/pays/gabon","Transformation digitale à Oyem","Gabon","Oyem","5"
"204","/pays/gabon/moanda","publié","hub ville secondaire","geo","/pays/gabon","Transformation digitale à Moanda","Gabon","Moanda","5"
"205","/pays/gabon/lambarene","publié","hub ville secondaire","geo","/pays/gabon","Transformation digitale à Lambaréné","Gabon","Lambaréné","5"
"206","/pays/gabon/mouila","publié","hub ville secondaire","geo","/pays/gabon","Transformation digitale à Mouila","Gabon","Mouila","5"
"207","/pays/gabon/koulamoutou","publié","hub ville secondaire","geo","/pays/gabon","Transformation digitale à Koulamoutou","Gabon","Koulamoutou","5"
"208","/pays/gabon/tchibanga","publié","hub ville secondaire","geo","/pays/gabon","Transformation digitale à Tchibanga","Gabon","Tchibanga","5"
"209","/pays/gabon/makokou","publié","hub ville secondaire","geo","/pays/gabon","Transformation digitale à Makokou","Gabon","Makokou","5"
"210","/pays/rd-congo","publié","hub pays","geo","/services","Transformation digitale RD Congo","RD Congo","","4"
"211","/services/audit-diagnostic-digital/rd-congo/kinshasa","publié","service x ville phare","geo","/pays/rd-congo","Audit et diagnostic digital à Kinshasa","RD Congo","Kinshasa","4"
"212","/services/refonte-processus/rd-congo/kinshasa","publié","service x ville phare","geo","/pays/rd-congo","Refonte des processus métier à Kinshasa","RD Congo","Kinshasa","4"
"213","/services/automatisation-integrations/rd-congo/kinshasa","publié","service x ville phare","geo","/pays/rd-congo","Automatisation et intégrations à Kinshasa","RD Congo","Kinshasa","4"
"214","/services/ia-entreprise/rd-congo/kinshasa","publié","service x ville phare","geo","/pays/rd-congo","Intelligence artificielle en entreprise à Kinshasa","RD Congo","Kinshasa","4"
"215","/services/developpement-outils-metier/rd-congo/kinshasa","publié","service x ville phare","geo","/pays/rd-congo","Développement d'outils métier à Kinshasa","RD Congo","Kinshasa","4"
"216","/services/pilotage-deploiement/rd-congo/kinshasa","publié","service x ville phare","geo","/pays/rd-congo","Pilotage et déploiement à Kinshasa","RD Congo","Kinshasa","4"
"217","/pays/rd-congo/lubumbashi","publié","hub ville secondaire","geo","/pays/rd-congo","Transformation digitale à Lubumbashi","RD Congo","Lubumbashi","5"
"218","/pays/rd-congo/mbuji-mayi","publié","hub ville secondaire","geo","/pays/rd-congo","Transformation digitale à Mbuji-Mayi","RD Congo","Mbuji-Mayi","5"
"219","/pays/rd-congo/kananga","publié","hub ville secondaire","geo","/pays/rd-congo","Transformation digitale à Kananga","RD Congo","Kananga","5"
"220","/pays/rd-congo/kisangani","publié","hub ville secondaire","geo","/pays/rd-congo","Transformation digitale à Kisangani","RD Congo","Kisangani","5"
"221","/pays/rd-congo/bukavu","publié","hub ville secondaire","geo","/pays/rd-congo","Transformation digitale à Bukavu","RD Congo","Bukavu","5"
"222","/pays/rd-congo/goma","publié","hub ville secondaire","geo","/pays/rd-congo","Transformation digitale à Goma","RD Congo","Goma","5"
"223","/pays/rd-congo/kolwezi","publié","hub ville secondaire","geo","/pays/rd-congo","Transformation digitale à Kolwezi","RD Congo","Kolwezi","5"
"224","/pays/rd-congo/likasi","publié","hub ville secondaire","geo","/pays/rd-congo","Transformation digitale à Likasi","RD Congo","Likasi","5"
"225","/pays/rd-congo/tshikapa","publié","hub ville secondaire","geo","/pays/rd-congo","Transformation digitale à Tshikapa","RD Congo","Tshikapa","5"
"226","/pays/congo-brazzaville","publié","hub pays","geo","/services","Transformation digitale Congo-Brazzaville","Congo-Brazzaville","","4"
"227","/services/audit-diagnostic-digital/congo-brazzaville/brazzaville","publié","service x ville phare","geo","/pays/congo-brazzaville","Audit et diagnostic digital à Brazzaville","Congo-Brazzaville","Brazzaville","4"
"228","/services/refonte-processus/congo-brazzaville/brazzaville","publié","service x ville phare","geo","/pays/congo-brazzaville","Refonte des processus métier à Brazzaville","Congo-Brazzaville","Brazzaville","4"
"229","/services/automatisation-integrations/congo-brazzaville/brazzaville","publié","service x ville phare","geo","/pays/congo-brazzaville","Automatisation et intégrations à Brazzaville","Congo-Brazzaville","Brazzaville","4"
"230","/services/ia-entreprise/congo-brazzaville/brazzaville","publié","service x ville phare","geo","/pays/congo-brazzaville","Intelligence artificielle en entreprise à Brazzaville","Congo-Brazzaville","Brazzaville","4"
"231","/services/developpement-outils-metier/congo-brazzaville/brazzaville","publié","service x ville phare","geo","/pays/congo-brazzaville","Développement d'outils métier à Brazzaville","Congo-Brazzaville","Brazzaville","4"
"232","/services/pilotage-deploiement/congo-brazzaville/brazzaville","publié","service x ville phare","geo","/pays/congo-brazzaville","Pilotage et déploiement à Brazzaville","Congo-Brazzaville","Brazzaville","4"
"233","/pays/congo-brazzaville/pointe-noire","publié","hub ville secondaire","geo","/pays/congo-brazzaville","Transformation digitale à Pointe-Noire","Congo-Brazzaville","Pointe-Noire","5"
"234","/pays/congo-brazzaville/dolisie","publié","hub ville secondaire","geo","/pays/congo-brazzaville","Transformation digitale à Dolisie","Congo-Brazzaville","Dolisie","5"
"235","/pays/congo-brazzaville/nkayi","publié","hub ville secondaire","geo","/pays/congo-brazzaville","Transformation digitale à Nkayi","Congo-Brazzaville","Nkayi","5"
"236","/pays/congo-brazzaville/ouesso","publié","hub ville secondaire","geo","/pays/congo-brazzaville","Transformation digitale à Ouesso","Congo-Brazzaville","Ouesso","5"
"237","/pays/congo-brazzaville/owando","publié","hub ville secondaire","geo","/pays/congo-brazzaville","Transformation digitale à Owando","Congo-Brazzaville","Owando","5"
"238","/pays/congo-brazzaville/sibiti","publié","hub ville secondaire","geo","/pays/congo-brazzaville","Transformation digitale à Sibiti","Congo-Brazzaville","Sibiti","5"
"239","/pays/congo-brazzaville/impfondo","publié","hub ville secondaire","geo","/pays/congo-brazzaville","Transformation digitale à Impfondo","Congo-Brazzaville","Impfondo","5"
"240","/pays/congo-brazzaville/madingou","publié","hub ville secondaire","geo","/pays/congo-brazzaville","Transformation digitale à Madingou","Congo-Brazzaville","Madingou","5"
"241","/pays/congo-brazzaville/mossendjo","publié","hub ville secondaire","geo","/pays/congo-brazzaville","Transformation digitale à Mossendjo","Congo-Brazzaville","Mossendjo","5"
"242","/pays/madagascar","publié","hub pays","geo","/services","Transformation digitale Madagascar","Madagascar","","4"
"243","/services/audit-diagnostic-digital/madagascar/antananarivo","publié","service x ville phare","geo","/pays/madagascar","Audit et diagnostic digital à Antananarivo","Madagascar","Antananarivo","4"
"244","/services/refonte-processus/madagascar/antananarivo","publié","service x ville phare","geo","/pays/madagascar","Refonte des processus métier à Antananarivo","Madagascar","Antananarivo","4"
"245","/services/automatisation-integrations/madagascar/antananarivo","publié","service x ville phare","geo","/pays/madagascar","Automatisation et intégrations à Antananarivo","Madagascar","Antananarivo","4"
"246","/services/ia-entreprise/madagascar/antananarivo","publié","service x ville phare","geo","/pays/madagascar","Intelligence artificielle en entreprise à Antananarivo","Madagascar","Antananarivo","4"
"247","/services/developpement-outils-metier/madagascar/antananarivo","publié","service x ville phare","geo","/pays/madagascar","Développement d'outils métier à Antananarivo","Madagascar","Antananarivo","4"
"248","/services/pilotage-deploiement/madagascar/antananarivo","publié","service x ville phare","geo","/pays/madagascar","Pilotage et déploiement à Antananarivo","Madagascar","Antananarivo","4"
"249","/pays/madagascar/toamasina","publié","hub ville secondaire","geo","/pays/madagascar","Transformation digitale à Toamasina","Madagascar","Toamasina","5"
"250","/pays/madagascar/antsirabe","publié","hub ville secondaire","geo","/pays/madagascar","Transformation digitale à Antsirabe","Madagascar","Antsirabe","5"
"251","/pays/madagascar/fianarantsoa","publié","hub ville secondaire","geo","/pays/madagascar","Transformation digitale à Fianarantsoa","Madagascar","Fianarantsoa","5"
"252","/pays/madagascar/mahajanga","publié","hub ville secondaire","geo","/pays/madagascar","Transformation digitale à Mahajanga","Madagascar","Mahajanga","5"
"253","/pays/madagascar/toliara","publié","hub ville secondaire","geo","/pays/madagascar","Transformation digitale à Toliara","Madagascar","Toliara","5"
"254","/pays/madagascar/antsiranana","publié","hub ville secondaire","geo","/pays/madagascar","Transformation digitale à Antsiranana","Madagascar","Antsiranana","5"
"255","/pays/madagascar/ambovombe","publié","hub ville secondaire","geo","/pays/madagascar","Transformation digitale à Ambovombe","Madagascar","Ambovombe","5"
"256","/pays/madagascar/morondava","publié","hub ville secondaire","geo","/pays/madagascar","Transformation digitale à Morondava","Madagascar","Morondava","5"
"257","/pays/madagascar/ambatondrazaka","publié","hub ville secondaire","geo","/pays/madagascar","Transformation digitale à Ambatondrazaka","Madagascar","Ambatondrazaka","5"
"258","/pays/belgique","publié","hub pays","geo","/services","Transformation digitale Belgique","Belgique","","4"
"259","/services/audit-diagnostic-digital/belgique/bruxelles","publié","service x ville phare","geo","/pays/belgique","Audit et diagnostic digital à Bruxelles","Belgique","Bruxelles","4"
"260","/services/refonte-processus/belgique/bruxelles","publié","service x ville phare","geo","/pays/belgique","Refonte des processus métier à Bruxelles","Belgique","Bruxelles","4"
"261","/services/automatisation-integrations/belgique/bruxelles","publié","service x ville phare","geo","/pays/belgique","Automatisation et intégrations à Bruxelles","Belgique","Bruxelles","4"
"262","/services/ia-entreprise/belgique/bruxelles","publié","service x ville phare","geo","/pays/belgique","Intelligence artificielle en entreprise à Bruxelles","Belgique","Bruxelles","4"
"263","/services/developpement-outils-metier/belgique/bruxelles","publié","service x ville phare","geo","/pays/belgique","Développement d'outils métier à Bruxelles","Belgique","Bruxelles","4"
"264","/services/pilotage-deploiement/belgique/bruxelles","publié","service x ville phare","geo","/pays/belgique","Pilotage et déploiement à Bruxelles","Belgique","Bruxelles","4"
"265","/pays/belgique/liege","publié","hub ville secondaire","geo","/pays/belgique","Transformation digitale à Liège","Belgique","Liège","5"
"266","/pays/belgique/charleroi","publié","hub ville secondaire","geo","/pays/belgique","Transformation digitale à Charleroi","Belgique","Charleroi","5"
"267","/pays/belgique/namur","publié","hub ville secondaire","geo","/pays/belgique","Transformation digitale à Namur","Belgique","Namur","5"
"268","/pays/belgique/mons","publié","hub ville secondaire","geo","/pays/belgique","Transformation digitale à Mons","Belgique","Mons","5"
"269","/pays/belgique/tournai","publié","hub ville secondaire","geo","/pays/belgique","Transformation digitale à Tournai","Belgique","Tournai","5"
"270","/pays/belgique/la-louviere","publié","hub ville secondaire","geo","/pays/belgique","Transformation digitale à La Louvière","Belgique","La Louvière","5"
"271","/pays/belgique/verviers","publié","hub ville secondaire","geo","/pays/belgique","Transformation digitale à Verviers","Belgique","Verviers","5"
"272","/pays/belgique/mouscron","publié","hub ville secondaire","geo","/pays/belgique","Transformation digitale à Mouscron","Belgique","Mouscron","5"
"273","/pays/belgique/seraing","publié","hub ville secondaire","geo","/pays/belgique","Transformation digitale à Seraing","Belgique","Seraing","5"
"274","/pays/suisse","publié","hub pays","geo","/services","Transformation digitale Suisse","Suisse","","4"
"275","/services/audit-diagnostic-digital/suisse/geneve","publié","service x ville phare","geo","/pays/suisse","Audit et diagnostic digital à Genève","Suisse","Genève","4"
"276","/services/refonte-processus/suisse/geneve","publié","service x ville phare","geo","/pays/suisse","Refonte des processus métier à Genève","Suisse","Genève","4"
"277","/services/automatisation-integrations/suisse/geneve","publié","service x ville phare","geo","/pays/suisse","Automatisation et intégrations à Genève","Suisse","Genève","4"
"278","/services/ia-entreprise/suisse/geneve","publié","service x ville phare","geo","/pays/suisse","Intelligence artificielle en entreprise à Genève","Suisse","Genève","4"
"279","/services/developpement-outils-metier/suisse/geneve","publié","service x ville phare","geo","/pays/suisse","Développement d'outils métier à Genève","Suisse","Genève","4"
"280","/services/pilotage-deploiement/suisse/geneve","publié","service x ville phare","geo","/pays/suisse","Pilotage et déploiement à Genève","Suisse","Genève","4"
"281","/pays/suisse/lausanne","publié","hub ville secondaire","geo","/pays/suisse","Transformation digitale à Lausanne","Suisse","Lausanne","5"
"282","/pays/suisse/fribourg","publié","hub ville secondaire","geo","/pays/suisse","Transformation digitale à Fribourg","Suisse","Fribourg","5"
"283","/pays/suisse/neuchatel","publié","hub ville secondaire","geo","/pays/suisse","Transformation digitale à Neuchâtel","Suisse","Neuchâtel","5"
"284","/pays/suisse/sion","publié","hub ville secondaire","geo","/pays/suisse","Transformation digitale à Sion","Suisse","Sion","5"
"285","/pays/suisse/la-chaux-de-fonds","publié","hub ville secondaire","geo","/pays/suisse","Transformation digitale à La Chaux-de-Fonds","Suisse","La Chaux-de-Fonds","5"
"286","/pays/suisse/vevey","publié","hub ville secondaire","geo","/pays/suisse","Transformation digitale à Vevey","Suisse","Vevey","5"
"287","/pays/suisse/montreux","publié","hub ville secondaire","geo","/pays/suisse","Transformation digitale à Montreux","Suisse","Montreux","5"
"288","/pays/suisse/yverdon-les-bains","publié","hub ville secondaire","geo","/pays/suisse","Transformation digitale à Yverdon-les-Bains","Suisse","Yverdon-les-Bains","5"
"289","/pays/suisse/nyon","publié","hub ville secondaire","geo","/pays/suisse","Transformation digitale à Nyon","Suisse","Nyon","5"
"290","/pays/luxembourg","publié","hub pays","geo","/services","Transformation digitale Luxembourg","Luxembourg","","4"
"291","/services/audit-diagnostic-digital/luxembourg/luxembourg-ville","publié","service x ville phare","geo","/pays/luxembourg","Audit et diagnostic digital à Luxembourg-ville","Luxembourg","Luxembourg-ville","4"
"292","/services/refonte-processus/luxembourg/luxembourg-ville","publié","service x ville phare","geo","/pays/luxembourg","Refonte des processus métier à Luxembourg-ville","Luxembourg","Luxembourg-ville","4"
"293","/services/automatisation-integrations/luxembourg/luxembourg-ville","publié","service x ville phare","geo","/pays/luxembourg","Automatisation et intégrations à Luxembourg-ville","Luxembourg","Luxembourg-ville","4"
"294","/services/ia-entreprise/luxembourg/luxembourg-ville","publié","service x ville phare","geo","/pays/luxembourg","Intelligence artificielle en entreprise à Luxembourg-ville","Luxembourg","Luxembourg-ville","4"
"295","/services/developpement-outils-metier/luxembourg/luxembourg-ville","publié","service x ville phare","geo","/pays/luxembourg","Développement d'outils métier à Luxembourg-ville","Luxembourg","Luxembourg-ville","4"
"296","/services/pilotage-deploiement/luxembourg/luxembourg-ville","publié","service x ville phare","geo","/pays/luxembourg","Pilotage et déploiement à Luxembourg-ville","Luxembourg","Luxembourg-ville","4"
"297","/pays/luxembourg/esch-sur-alzette","publié","hub ville secondaire","geo","/pays/luxembourg","Transformation digitale à Esch-sur-Alzette","Luxembourg","Esch-sur-Alzette","5"
"298","/pays/luxembourg/differdange","publié","hub ville secondaire","geo","/pays/luxembourg","Transformation digitale à Differdange","Luxembourg","Differdange","5"
"299","/pays/luxembourg/dudelange","publié","hub ville secondaire","geo","/pays/luxembourg","Transformation digitale à Dudelange","Luxembourg","Dudelange","5"
"300","/pays/luxembourg/ettelbruck","publié","hub ville secondaire","geo","/pays/luxembourg","Transformation digitale à Ettelbruck","Luxembourg","Ettelbruck","5"
"301","/pays/luxembourg/diekirch","publié","hub ville secondaire","geo","/pays/luxembourg","Transformation digitale à Diekirch","Luxembourg","Diekirch","5"
"302","/pays/luxembourg/wiltz","publié","hub ville secondaire","geo","/pays/luxembourg","Transformation digitale à Wiltz","Luxembourg","Wiltz","5"
"303","/pays/luxembourg/echternach","publié","hub ville secondaire","geo","/pays/luxembourg","Transformation digitale à Echternach","Luxembourg","Echternach","5"
"304","/pays/luxembourg/rumelange","publié","hub ville secondaire","geo","/pays/luxembourg","Transformation digitale à Rumelange","Luxembourg","Rumelange","5"
"305","/pays/luxembourg/bettembourg","publié","hub ville secondaire","geo","/pays/luxembourg","Transformation digitale à Bettembourg","Luxembourg","Bettembourg","5"
"306","/services/chatbot-whatsapp","publié","service","services","/services","Chatbot WhatsApp pour entreprise","","","6"
"307","/glossaire","publié","glossaire","glossaire","/methode","glossaire transformation digitale","","","6"
"308","/guides","publié","hub guides","guides","/methode","guides transformation digitale","","","6"
"309","/guides/mesurer-maturite-numerique-entreprise","publié","guide","guides","/guides","mesurer maturite numerique entreprise","","","6"
"310","/guides/cartographier-processus-as-is-to-be","publié","guide","guides","/guides","cartographier processus as is to be","","","6"
"311","/guides/calculer-roi-tco-payback-projet-digital","publié","guide","guides","/guides","calculer roi tco payback projet digital","","","6"
"312","/guides/gouvernance-ia-entreprise-guide","publié","guide","guides","/guides","gouvernance ia entreprise guide","","","6"
"313","/guides/securiser-automatisation-agent-ia","publié","guide","guides","/guides","securiser automatisation agent ia","","","6"
"314","/guides/acheter-configurer-integrer-developper","publié","guide","guides","/guides","acheter configurer integrer developper","","","6"
"315","/guides/construire-business-case-transformation-digitale","publié","guide","guides","/guides","construire business case transformation digitale","","","6"
"316","/guides/conduite-changement-projet-digital","publié","guide","guides","/guides","conduite changement projet digital","","","6"
"317","/guides/prioriser-portefeuille-initiatives-digitales","publié","guide","guides","/guides","prioriser portefeuille initiatives digitales","","","6"
"318","/guides/erreurs-frequentes-diagnostic-transformation-digitale","publié","guide","guides","/guides","erreurs frequentes diagnostic transformation digitale","","","6"
"319","/guides/structurer-crm-eviter-saisie-inutile","publié","guide","guides","/guides","structurer crm eviter saisie inutile","","","6"
"320","/guides/kpi-piloter-transformation-digitale","publié","guide","guides","/guides","kpi piloter transformation digitale","","","6"
"321","/guides/choisir-infrastructure-cloud-sans-dette","publié","guide","guides","/guides","choisir infrastructure cloud sans dette","","","6"
"322","/guides/concevoir-parcours-client-reduire-frictions","publié","guide","guides","/guides","concevoir parcours client reduire frictions","","","6"
"323","/guides/mesurer-efficacite-strategie-marketing-digital","publié","guide","guides","/guides","mesurer efficacite strategie marketing digital","","","6"
"324","/guides/digitaliser-operations-erp-stocks-iot","publié","guide","guides","/guides","digitaliser operations erp stocks iot","","","6"
"325","/guides/tester-nouveau-modele-economique-numerique","publié","guide","guides","/guides","tester nouveau modele economique numerique","","","6"
"326","/secteurs","publié","hub secteurs","secteurs","/","secteurs transformation digitale","","","3"
"327","/comparatifs","publié","hub comparatifs","comparatifs","/","comparatifs transformation digitale","","","3"
"328","/pays","publié","hub pays","geo","/","zones intervention audyxa","","","4"
